artist_name,similar_artist_name,rank,0,1
Agujetas Chico,Manuel Parrilla,1.0,,
Agujetas Chico,Los Moneo,2.0,,
Agujetas Chico,Momo de Jerez,3.0,,
Agujetas Chico,jesús méndez,4.0,,
Agujetas Chico,"Periquín ""Niño Jero""",5.0,,
Alazan,La Húngara,1.0,,
Alazan,Selena Leo,2.0,,
Alazan,Raya Real,3.0,,
Alazan,Dani Mata,4.0,,
Alazan,Decai,5.0,,
Andres Fernandez Amador,Rafa El Tachuela,1.0,,
Andres Fernandez Amador,Dani de Morón,2.0,,
Andres Fernandez Amador,Juan Manuel Cañizares,3.0,,
Andres Fernandez Amador,Moraíto,4.0,,
Andres Fernandez Amador,Pepe Habichuela,5.0,,
Andrés Hernández Pituquete,Moraíto,1.0,,
Andrés Hernández Pituquete,Rafael Riqueni,2.0,,
Andrés Hernández Pituquete,Manolo Sanlucar,3.0,,
Andrés Hernández Pituquete,Juan Manuel Cañizares,4.0,,
Andrés Hernández Pituquete,Son De La Frontera,5.0,,
Angelillo,Gracia de Triana,1.0,,
Angelillo,Rafael Farina,2.0,,
Angelillo,Pepe Pinto,3.0,,
Angelillo,Canalejas de Puerto Real,4.0,,
Angelillo,Tomás Pavón,5.0,,
Antonio Reyes,Diego Del Morao,1.0,,
Antonio Reyes,José del Tomate,2.0,,
Antonio Reyes,El Pele,3.0,,
Antonio Reyes,Moraíto,4.0,,
Antonio Reyes,Daniel Casares,5.0,,
Antoñita Moreno,Gracia de Triana,1.0,,
Antoñita Moreno,Raquel Meller,2.0,,
Antoñita Moreno,Lupita Palomera,3.0,,
Antoñita Moreno,Lolita Sevilla,4.0,,
Antoñita Moreno,Paquita Rico,5.0,,
Antoñita Peñuela,Perlita de Huelva,1.0,,
Antoñita Peñuela,Lolita Sevilla,2.0,,
Antoñita Peñuela,Gracia Montes,3.0,,
Antoñita Peñuela,Juanita Reina,4.0,,
Antoñita Peñuela,Carmen Sevilla,5.0,,
Camarón de la Isla,Paco de Lucía,1.0,,
Camarón de la Isla,Enrique Morente,2.0,,
Camarón de la Isla,Lole Y Manuel,3.0,,
Camarón de la Isla,Manzanita,4.0,,
Camarón de la Isla,Estrella Morente,5.0,,
Camela,Estopa,1.0,,
Camela,Andy & Lucas,2.0,,
Camela,El Arrebato,3.0,,
Camela,Melendi,4.0,,
Camela,El Canto del Loco,5.0,,
Canteca De Macao,El Puchero del Hortelano,1.0,,
Canteca De Macao,La Kinky Beat,2.0,,
Canteca De Macao,G5,3.0,,
Canteca De Macao,D'Callaos,4.0,,
Canteca De Macao,Mártires Del Compás,5.0,,
Carlos Montoya,Paco Peña,1.0,,
Carlos Montoya,Lara & Reyes,2.0,,
Carlos Montoya,Benise,3.0,,
Carlos Montoya,Oscar Lopez,4.0,,
Carlos Montoya,NOVAMENCO,5.0,,
Chano Domínguez,Jorge Pardo,1.0,,
Chano Domínguez,Guillermo McGill,2.0,,
Chano Domínguez,Javier Colina,3.0,,
Chano Domínguez,Diego Amador,4.0,,
Chano Domínguez,Martirio,5.0,,
Cherokee,Kartell,1.0,,
Cherokee,Jean Tonique,2.0,,
Cherokee,Louis La Roche,3.0,,
Cherokee,Folamour,4.0,,
Cherokee,The Phantom's Revenge,5.0,,
David DeMaría,Diego Martín,1.0,,
David DeMaría,Merche,2.0,,
David DeMaría,David Bustamante,3.0,,
David DeMaría,David Civera,4.0,,
David DeMaría,Kiko & Shara,5.0,,
Diego Castellon,Encarnación Marín La Sallago,1.0,,
Diego Castellon,Juan Pena,2.0,,
Diego Castellon,Enrique el Piculabe,3.0,,
Diego Castellon,Dorantes,4.0,,
Diego Castellon,Stéphane Grappelli;Django Reinhardt,5.0,,
Diego Del Morao,Moraíto,1.0,,
Diego Del Morao,Antonio Rey,2.0,,
Diego Del Morao,Pedro Sierra,3.0,,
Diego Del Morao,Dani de Morón,4.0,,
Diego Del Morao,Daniel Casares,5.0,,
El Loreño,niño del mellizo,1.0,,
El Loreño,pepe huelva,2.0,,
El Loreño,Chiquito de Osuna,3.0,,
El Loreño,Juan de la Villa,4.0,,
El Loreño,La Paquera de Jerez,5.0,,
Electro Rumbaiao,Uproot Andy,1.0,,
Electro Rumbaiao,Skip & Die,2.0,,
Electro Rumbaiao,History of Colour,3.0,,
Encarna Anillo,Miguel Poveda,1.0,,
Encarna Anillo,Marina Heredia,2.0,,
Encarna Anillo,Mayte Martín,3.0,,
Encarna Anillo,Carmen Linares,4.0,,
Encarna Anillo,David Lagos,5.0,,
Enrique Heredia Negri,Antonio Carmona,1.0,,
Enrique Heredia Negri,La Barbería del Sur,2.0,,
Enrique Heredia Negri,Miguel Poveda,3.0,,
Enrique Heredia Negri,Israel Fernández,4.0,,
Enrique Heredia Negri,Alba Molina,5.0,,
Enrique Morente,Lole Y Manuel,1.0,,
Enrique Morente,Camarón de la Isla,2.0,,
Enrique Morente,Estrella Morente,3.0,,
Enrique Morente,Pata Negra,4.0,,
Enrique Morente,Manzanita,5.0,,
Esteban De Sanlucar,Niño Ricardo,1.0,,
Esteban De Sanlucar,Mario Escudero,2.0,,
Esteban De Sanlucar,Luis Maravilla,3.0,,
Esteban De Sanlucar,Ramón Montoya,4.0,,
Esteban De Sanlucar,Pepe De Badajoz,5.0,,
Ezequiel Benítez,Los Moneo,1.0,,
Ezequiel Benítez,El Pele,2.0,,
Ezequiel Benítez,Israel Fernández,3.0,,
Ezequiel Benítez,rancapino chico,4.0,,
Ezequiel Benítez,Manuel Valencia,5.0,,
Gracia Montes,Marifé De Triana,1.0,,
Gracia Montes,Paquita Rico,2.0,,
Gracia Montes,Lolita Sevilla,3.0,,
Gracia Montes,Perlita de Huelva,4.0,,
Gracia Montes,Carmen Sevilla,5.0,,
Grupo Macarena,Vasco Hernandez,1.0,,
Grupo Macarena,La jose,2.0,,
Grupo Macarena,Rafa El Tachuela,3.0,,
Grupo Macarena,Danza Fuego,4.0,,
Grupo Macarena,"Alhama, Los",5.0,,
Hermano Rayo,Angeliyo El Blanco,1.0,,
Hermano Rayo,Moncho Chavea,2.0,,
Hermano Rayo,Canelita,3.0,,
Hossam Ramzy,Issam Houshan,1.0,,
Hossam Ramzy,Turbo Tabla,2.0,,
Hossam Ramzy,Oojami,3.0,,
Hossam Ramzy,Gamal Gommaa,4.0,,
Hossam Ramzy,Dinletir,5.0,,
José Menese,Diego Clavel,1.0,,
José Menese,Tia Anica La Piriñaca,2.0,,
José Menese,Antonio Mairena,3.0,,
José Menese,Juan Talega,4.0,,
José Menese,Vicente Soto Sordera,5.0,,
Jose Merce,Duquende,1.0,,
Jose Merce,Remedios Amaya,2.0,,
Jose Merce,José Mercé,3.0,,
Jose Merce,Miguel Poveda,4.0,,
Jose Merce,Carmen Linares,5.0,,
Juanito Valderrama,Rafael Farina,1.0,,
Juanito Valderrama,Antonio Molina,2.0,,
Juanito Valderrama,Juanita Reina,3.0,,
Juanito Valderrama,Concha Piquer,4.0,,
Juanito Valderrama,Marifé De Triana,5.0,,
Juanito Varea,Antonio Chacón,1.0,,
Juanito Varea,Tomás Pavón,2.0,,
Juanito Varea,Canalejas de Puerto Real,3.0,,
Juanito Varea,Rafael Romero,4.0,,
Juanito Varea,Manuel Vallejo,5.0,,
Kiko Veneno,Pata Negra,1.0,,
Kiko Veneno,Ketama,2.0,,
Kiko Veneno,Los Delinqüentes,3.0,,
Kiko Veneno,Manolo García,4.0,,
Kiko Veneno,Estopa,5.0,,
La Moraima,Rafa El Tachuela,1.0,,
La Niña De La Puebla,Niña de la Puebla,1.0,,
La Niña De La Puebla,Tomás Pavón,2.0,,
La Niña De La Puebla,Pepe Marchena,3.0,,
La Niña De La Puebla,Manuel Vallejo,4.0,,
La Niña De La Puebla,Canalejas de Puerto Real,5.0,,
Larumbé,Karamala,1.0,,
Larumbé,LOS FLA&CO,2.0,,
Larumbé,Los Impagos,3.0,,
Larumbé,Pantanito,4.0,,
Larumbé,NONAINOISE,5.0,,
Lamari,Marinah,1.0,,
Lamari,Kiki Morente,2.0,,
Lamari,Lucía Espín,3.0,,
Lamari,India Martinez,4.0,,
Lamari,Perlita de Huelva,5.0,,
Luis Maravilla,Pepe Martínez,1.0,,
Luis Maravilla,Antonio Albaicin,2.0,,
Luis Maravilla,Mario Escudero,3.0,,
Luis Maravilla,Melchor de Marchena,4.0,,
Luis Maravilla,Juanito Serrano,5.0,,
Manolo el Malagueño,Pepe Pinto,1.0,,
Manolo el Malagueño,Canalejas de Puerto Real,2.0,,
Manolo el Malagueño,Tomás Pavón,3.0,,
Manolo el Malagueño,Gracia de Triana,4.0,,
Manolo el Malagueño,Angelillo,5.0,,
Manu Tenorio,Carlos Ponce,1.0,,
Manu Tenorio,David Civera,2.0,,
Manu Tenorio,David Bustamante,3.0,,
Manu Tenorio,La Banda Del Capitan Canalla,4.0,,
Manu Tenorio,Merche,5.0,,
Manuel Centeno,Pepita Caballero,1.0,,
Manuel Centeno,Rosalía de Triana,2.0,,
Manuel Centeno,La Piriñaca de Jerez,3.0,,
Manuel Centeno,Aurelio Sellés,4.0,,
Manuel Centeno,Antonio Mairena,5.0,,
Manuel Moreno,Vanilla Ace,1.0,,
Manuel Moreno,Danny Freakazoid,2.0,,
Manuel Moreno,Dualton,3.0,,
Manuel Moreno,Olivier Giacomotto,4.0,,
Manuel Moreno,DJ Marbrax,5.0,,
Manuel Parrilla,Dani de Morón,1.0,,
Manuel Parrilla,Antonio Rey,2.0,,
Manuel Parrilla,josé valencia,3.0,,
Manuel Parrilla,Jeromo Segura,4.0,,
Manuel Parrilla,Moraíto,5.0,,
Manuel Valencia,Los Moneo,1.0,,
Manuel Valencia,Fernando Terremoto,2.0,,
Manuel Valencia,David Lagos,3.0,,
Manuel Valencia,Miguel Poveda,4.0,,
Manuel Valencia,Fernando De La Morena,5.0,,
Mario Escudero,Luis Maravilla,1.0,,
Mario Escudero,Antonio Albaicin,2.0,,
Mario Escudero,Pepe Martínez,3.0,,
Mario Escudero,Melchor de Marchena,4.0,,
Mario Escudero,Niño Ricardo,5.0,,
Montse Cortés,La Susi,1.0,,
Montse Cortés,La Tana,2.0,,
Montse Cortés,Potito,3.0,,
Montse Cortés,Marina Heredia,4.0,,
Montse Cortés,Ginesa Ortega,5.0,,
Niña De Antequera,Rafael Farina,1.0,,
Niña De Antequera,Curro de Utrera,2.0,,
Niña De Antequera,Manuel Vallejo,3.0,,
Niña De Antequera,Pepe Pinto,4.0,,
Niña De Antequera,La Niña De La Puebla,5.0,,
Niño de Marchena,Pepe Marchena,1.0,,
Niño de Marchena,Manuel Vallejo,2.0,,
Niño de Marchena,His Spanish Guitar,3.0,,
Niño de Marchena,Pepe Pinto,4.0,,
Niño de Marchena,Juanito Valderrama,5.0,,
Niño Ricardo,Melchor de Marchena,1.0,,
Niño Ricardo,Ramón Montoya,2.0,,
Niño Ricardo,Luis Maravilla,3.0,,
Niño Ricardo,Pepe Martínez,4.0,,
Niño Ricardo,Mario Escudero,5.0,,
Orquesta,BrainStorm Operations,1.0,,
Orquesta,Fabio Anile,2.0,,
Orquesta,Mister Lies & Different Sleep,3.0,,
Orquesta,The Meditone Project,4.0,,
Orquesta,Banda Sonora,5.0,,
Oscar Guzmán,Santiago Lara,1.0,,
Oscar Guzmán,Pedro Sierra,2.0,,
Oscar Guzmán,Diego Del Morao,3.0,,
Oscar Guzmán,Carlos Piñana,4.0,,
Oscar Guzmán,Amós Lora,5.0,,
Pablo Carcamo,Hudson Swan,1.0,,
Pablo Carcamo,Sebastian Solis,2.0,,
Pablo Carcamo,Paul Espinoza,3.0,,
Pablo Carcamo,Florie Brown,4.0,,
Pablo Carcamo,Andras Farkas Jr. Ensemble,5.0,,
Paco Del Gastor,Paco Cepero,1.0,,
Paco Del Gastor,Niño Ricardo,2.0,,
Paco Del Gastor,Paco Peña,3.0,,
Paco Del Gastor,Juan Martín,4.0,,
Paco Del Gastor,Antonio Rey,5.0,,
Paco Serrano,Adolfo Rodrigo,1.0,,
Paco Serrano,Daniel Barrera,2.0,,
Paco Serrano,Manny Olivera,3.0,,
Paco Serrano,Chico García,4.0,,
Paco Serrano,Adolfo Serrano,5.0,,
Paco Toronjo,Tomás Pavón,1.0,,
Paco Toronjo,Chano Lobato,2.0,,
Paco Toronjo,Antonio Mairena,3.0,,
Paco Toronjo,El Chocolate,4.0,,
Paco Toronjo,Pepe Pinto,5.0,,
Paco de Lucía,Vicente Amigo,1.0,,
Paco de Lucía,Tomatito,2.0,,
Paco de Lucía,Camarón de la Isla,3.0,,
Paco de Lucía,Sabicas,4.0,,
Paco de Lucía,Al Di Meola,5.0,,
Pastora Soler,Vanesa Martín,1.0,,
Pastora Soler,Malú,2.0,,
Pastora Soler,Ruth Lorenzo,3.0,,
Pastora Soler,Edurne,4.0,,
Pastora Soler,K!ngdom,5.0,,
Pedro Javier González,Mark Barnwell,1.0,,
Pedro Javier González,Rafa El Tachuela,2.0,,
Pedro Javier González,Andres Fernandez Amador,3.0,,
Pedro Javier González,Creol,4.0,,
Pedro Javier González,Gerardo Nuñez,5.0,,
Pepe Martínez,Luis Maravilla,1.0,,
Pepe Martínez,Antonio Albaicin,2.0,,
Pepe Martínez,Mario Escudero,3.0,,
Pepe Martínez,Niño Ricardo,4.0,,
Pepe Martínez,Melchor de Marchena,5.0,,
Pepe de Lucía,Paco De Lucia & Ricardo Modrego,1.0,,
Pepe de Lucía,India Martinez,2.0,,
Pepe de Lucía,Ricardo Modrego,3.0,,
Pepe de Lucía,Duquende,4.0,,
Pepe de Lucía,Miguel Poveda,5.0,,
Perlita de Huelva,Gracia Montes,1.0,,
Perlita de Huelva,Antoñita Peñuela,2.0,,
Perlita de Huelva,Lolita Sevilla,3.0,,
Perlita de Huelva,Juanita Reina,4.0,,
Perlita de Huelva,Rafael Farina,5.0,,
Rafa El Tachuela,Andres Fernandez Amador,1.0,,
Rafa El Tachuela,Danza Fuego,2.0,,
Rafa El Tachuela,Los Alhama,3.0,,
Rafa El Tachuela,Triomanzana,4.0,,
Rafa El Tachuela,Ricao,5.0,,
Rafael Farina,Juanito Valderrama,1.0,,
Rafael Farina,Antonio Molina,2.0,,
Rafael Farina,Gracia de Triana,3.0,,
Rafael Farina,Pepe Pinto,4.0,,
Rafael Farina,Angelillo,5.0,,
Ramón Montoya,Niño Ricardo,1.0,,
Ramón Montoya,Ronald Radford,2.0,,
Ramón Montoya,Juan Martín,3.0,,
Ramón Montoya,El Pele & Vicente Amigo,4.0,,
Ramón Montoya,Gerardo Núñez,5.0,,
Sabicas,Paco de Lucía,1.0,,
Sabicas,Tomatito,2.0,,
Sabicas,Vicente Amigo,3.0,,
Sabicas,Camarón de la Isla,4.0,,
Sabicas,Enrique Morente,5.0,,
Sandra Carrasco,Montse Cortés,1.0,,
Sandra Carrasco,Javier Limón,2.0,,
Sandra Carrasco,Miguel Poveda,3.0,,
Sandra Carrasco,Rocío Márquez,4.0,,
Sandra Carrasco,Josemi Carmona,5.0,,
Soniquete,Raya Real,1.0,,
Soniquete,Kiki Morente,2.0,,
Soniquete,juanlu montoya,3.0,,
Soniquete,Israel Fernández,4.0,,
Soniquete,Antoñito Molina,5.0,,
Tomatito,Vicente Amigo,1.0,,
Tomatito,Paco de Lucía,2.0,,
Tomatito,Estrella Morente,3.0,,
Tomatito,Camarón de la Isla,4.0,,
Tomatito,Diego El Cigala,5.0,,
,,,Patrick Watson,"['Tom Rosenthal', 'Winter Aid', 'SYML', 'RY X', 'Tom Odell']"
,,,,[]
,,,The Palms,"['Foreign Air', 'Matt Maeson', 'Dennis Lloyd', 'Tash Sultana', 'Milky Chance']"
,,,Passenger,"['Stu Larsen', 'James Bay', 'Mumford & Sons', 'Mighty Oaks', 'Vance Joy']"
,,,Tamaryn,"['Blouse', 'Pinkshinyultrablast', 'No Joy', 'The Daysleepers', 'Ringo Deathstarr']"
,,,The Presets,"['Sneaky Sound System', 'PNAU', 'Art vs. Science', 'Cut Copy', 'Midnight Juggernauts']"
,,,Good Morning,"['LOVING', 'HOMESHAKE', 'Banes World', 'Brad stank', 'Cosmo Pyke']"
,,,Zak Abel,"['Sandro Cavazza', 'John Newman', 'Avicii', 'Two Another', 'Kwabs']"
,,,Kazy Lambist,"['Kid Francescoli', 'Camel Power Club', 'Jabberwocky', 'Synapson', 'Møme']"
,,,Squeeze,"['Elvis Costello & The Attractions', 'Elvis Costello', 'Joe Jackson', 'Marshall Crenshaw', 'Nick Lowe']"
,,,Lena Carrilero,"['Fran Mariscal', 'Adriana Moragues', 'Road Ramos', 'Kutxi Romero', 'Pedro Pastor']"
,,,Rosana,"['Ella Baila Sola', 'Ana Belén', 'Deborah Blando', 'La Oreja de Van Gogh', 'Diego Torres']"
,,,Nick Mulvey,"['Blanco White', 'Roo Panes', 'Charlie Cunningham', 'Ben Howard', 'Dekker']"
,,,Ben Howard,"['Nick Mulvey', ""Bear's Den"", 'Benjamin Francis Leftwich', 'James Vincent McMorrow', 'A Blaze Of Feather']"
,,,Emilio José,"['Marcelo Criminal', 'Ataque Escampe', 'Andrés Do Barro', 'Juan Pardo', 'GRANDE AMORE']"
,,,Fran Mariscal,"['Lena Carrilero', 'Capitán Cobarde', 'cobardes', 'Héroes 2020', 'Embusteros']"
,,,Takuya Kuroda,"['Yussef Dayes', 'Erik Truffaz', 'Butcher Brown', 'Alfa Mist', 'Roy Hargrove']"
,,,"Canovas, Rodrigo, Adolfo Y Guzman",[]
,,,Broken Back,"['Henry and the Waiter', 'Lilly Wood & The Prick', 'Cats on Trees', 'Cocoon', 'Deluxe']"
,,,Talisco,"['Lilly Wood & The Prick', 'Naive New Beaters', 'Elephanz', 'Diva Faune', 'Pony Pony Run Run']"
,,,Flavien Berger,"['Miel De Montagne', 'Voyou', 'Pépite', 'malik djoudi', 'Johan Papaconstantino']"
,,,Zahara,"['Rigoberta Bandini', 'Amaia', 'CHICA SOBRESALTO', 'La Bien Querida', 'Amaral']"
,,,Cherokee,"['Kartell', 'Jean Tonique', 'Louis La Roche', 'Folamour', 'Lifelike']"
,,,Joomanji,"['Lucy Pearl', 'Hiatus Kaiyote', 'Moonchild', 'Res', 'Potatohead People']"
,,,Brian Cross,"['DJ Nano', 'Dani Moreno', 'Jose AM', 'Wally Lopez', 'Geo Da Silva & Saftik']"
,,,Junip,"['José González', 'Other Lives', 'Nick Mulvey', 'Alexi Murdoch', ""Bear's Den""]"
,,,Just Blaze,"['Ski Beatz', 'Khrysis', 'Nottz', 'Kidz in the Hall', 'Johnson&Jonson']"
,,,Alis,"['Blanca Paloma', 'Baby Lasagna', 'J Kbello', 'Sara Kapo', 'Arilena Ara']"
,,,Isaac Delusion,"['Kid Francescoli', 'Agar Agar', 'Papooz', 'Bon Entendeur', 'Poolside']"
,,,Q-Tip,"['A Tribe Called Quest', 'Slum Village', 'De La Soul', 'Common', 'The Roots']"
,,,The Chemical Brothers,"['Fatboy Slim', 'The Crystal Method', 'The Prodigy', 'Propellerheads', 'Leftfield']"
,,,William Fitzsimmons,"['Joshua Radin', 'Benjamin Francis Leftwich', 'Donovan Woods', 'Old Sea Brigade', 'Stu Larsen']"
,,,amatria,"['ELYELLA', 'Angel Stanich', 'Grises', 'was', 'Carmen Boza']"
,,,The Milk Carton Kids,"['Watchhouse', 'Josh Ritter', 'Mandolin Orange', 'Gregory Alan Isakov', 'Sarah Jarosz']"
,,,Ziggy Alberts,"['Sons of the East', 'Ocie Elliott', 'Riley Pearce', 'Ryan Harris', 'Xavier Rudd']"
,,,La Maravillosa Orquesta del Alcohol,"['Xoel López', 'Guitarricadelafuente', 'Rozalén', 'Nacho Vegas', 'Anni B Sweet']"
,,,Sidonie,"['Lori Meyers', 'Supersubmarina', 'Izal', 'Miss Caffeina', 'Love of Lesbian']"
,,,Mammal Hands,"['Portico Quartet', 'GoGo Penguin', 'Matthew Halsall', 'Foehn Trio', 'Vega Trails']"
,,,Hanson,"['Aaron Carter', 'Backstreet Boys', 'O-Town', 'Nick Carter', '98 Degrees']"
,,,The Noises,"['Grises', 'Jero Romero', 'Dinero', 'Correos', 'Napoleon Solo']"
,,,Sampha,"['SBTRKT & Sampha', 'NxWorries', 'Anderson .Paak', 'James Blake', 'Smino']"
,,,Buck Meek,"['Big Thief', 'Lomelda', 'Adrianne Lenker', 'Adrianne Lenker & Buck Meek', 'Twain']"
,,,Villagers,"['John Grant', 'James Vincent McMorrow', 'Nick Mulvey', 'Fionn Regan', 'Lisa Hannigan']"
,,,The Avener,"['Synapson', 'Kungs', 'Feder', 'Møme', 'Jabberwocky']"
,,,Pegase,"['Isaac Delusion', 'Kid Francescoli', 'Las Aves', 'Tample', 'Scratch Massive']"
,,,Mac DeMarco,"['LOVING', 'Current Joys', 'VACATIONS', 'HOMESHAKE', 'TV Girl']"
,,,Cigarettes After Sex,"['Strawberry Guy', 'Bubble Tea and Cigarettes', 'Dream, Ivory', 'Cemeteries', 'Salvia Palth']"
,,,,[]
,,,Generis,"['New Limit', 'Aldus Haza', 'Committe', 'Kike Boy', 'Emotional G']"
,,,Los Flechazos,"['Cooper', 'Brighton 64', 'la granja', 'La Costa Brava', ""Surfin' Bichos""]"
,,,Fink,"['Ane Brun', 'Sophie Zelmani', 'Angus & Julia Stone', 'Kari Bremnes', 'Nick Mulvey']"
,,,Cemeteries,"['Ruby Haunt', 'Acid Ghost', ""Dreams We've Had"", 'Foxes in Fiction', 'Dream, Ivory']"
,,,Two Door Cinema Club,"['The Wombats', 'Foster the People', 'Phoenix', 'Saint Motel', 'Last Dinosaurs']"
,,,Shinova,"['Supersubmarina', 'Vetusta Morla', 'Sexy Zebras', 'Second', 'Love of Lesbian']"
,,,Ken Stringfellow,"['Jon Auer', 'Chris von Sneidern', 'The Primary 5', 'Owsley', 'Wondermints']"
,,,Charlie Cunningham,"['Blanco White', 'Dustin Tebbutt', 'Old Sea Brigade', 'Nick Mulvey', 'Jesse Marchant']"
,,,Jorge Drexler,"['Lisandro Aristimuño', 'El Kanka', 'Silvio Rodríguez', 'Pedro Guerra', 'No Te Va Gustar']"
,,,The Staves,"['Laura Marling', 'This Is the Kit', 'Lucy Rose', 'First Aid Kit', 'Fionn Regan']"
,,,Axel Flóvent,"['Old Sea Brigade', 'Aaron Espe', 'Haux', 'Lowswimmer', 'Matthew and the Atlas']"
,,,Miss Caffeina,"['Viva Suecia', 'Lori Meyers', 'Sidonie', 'Supersubmarina', 'Varry Brava']"
,,,Dombrance,"['Papooz', 'Poolside', 'Husbands', 'Oracle Sisters', 'Electric Guest']"
,,,Megabass,"['Two Little Boys', 'Nacho Division', 'High Density', ""Smart E's"", 'The Hypnotist']"
,,,Faada Freddy,"['Lass', ""Youssou N'Dour"", 'Aloe Blacc', 'Daara J Family', 'Izo FitzRoy']"
,,,Full,"['Anabel Lee', 'Pantones', 'Aerolíneas Federales', 'caballo prieto azabache', 'Go Roneo']"
,,,Dorian,"['Lori Meyers', 'Sidonie', 'Love of Lesbian', 'Viva Suecia', 'Miss Caffeina']"
,,,José González,"['Junip', 'Alexi Murdoch', 'Ben Howard', 'S. Carey', 'Nick Mulvey']"
,,,Antílopez,"['El Niño de La Hipoteca', 'Mr. Kilombo', 'Juanito Makandé', 'El Canijo de Jerez', 'Pedro Pastor']"
,,,2 In A Room,"['49ers', 'Black Box', 'Technotronic', 'Adamski', 'Snap!']"
,,,Leiva,"['Pereza', 'Arde Bogotá', 'Sidecars', 'Fito Y Fitipaldis', 'Dani Martín']"
,,,Vampire Weekend,"['Rostam', 'Phoenix', 'Arcade Fire', 'The Shins', 'Ra Ra Riot']"
,,,Second,"['Viva Suecia', 'Lori Meyers', 'Shinova', 'Supersubmarina', 'Izal']"
,,,Round,"['Mistakes Are Ok', 'Alex Burkat', ""Paradise's Deep Groove"", 'Bostro Pesopeo & Pional', 'Samo DJ']"
,,,Ezéchiel Pailhès,"['Chapelier Fou', 'Palatine', 'Johan Papaconstantino', 'Zoufris Maracas', 'Flavien Berger']"
,,,Lori Meyers,"['Sidonie', 'Viva Suecia', 'Supersubmarina', 'Izal', 'Love of Lesbian']"
,,,The Paper Kites,"['Dustin Tebbutt', 'Gregory Alan Isakov', 'Hollow Coves', 'Harrison Storm', 'Ocie Elliott']"
,,,Novo Amor,"['Lowswimmer', 'Jolé', 'Hollow Coves', 'Harrison Storm', 'Gregory Alan Isakov']"
,,,Roo Panes,"['Stu Larsen', 'Benjamin Francis Leftwich', 'Nick Mulvey', 'Matthew and the Atlas', 'Dustin Tebbutt']"
,,,The Nativos,"['Pistones', 'Glutamato Ye-Ye', 'La Dama Se Esconde', 'Rey Lui', 'La Coartada']"
,,,José James,"['Gregory Porter', 'Kandace Springs', 'Lizz Wright', 'Dominique Fils-Aimé', 'Cassandra Wilson']"
,,,El Kanka,"['Muerdo', 'Jorge Drexler', 'Rozalén', 'Pedro Guerra', 'Rupatrupa']"
,,,Makaw,"['Seavera', 'Young And Dramatic', 'SAATSUMA', 'Holiday Party']"
,,,Fiesta pop,"['The Refrescos', 'Los Inhumanos', 'Alarma', 'Los Rebeldes', 'David Otero']"
,,,Washed Out,"['Small Black', 'Neon Indian', 'Brothertiger', 'Blackbird Blackbird', 'MillionYoung']"
,,,Varry Brava,"['Miss Caffeina', 'Sidonie', 'Viva Suecia', 'Lori Meyers', 'Izal']"
,,,Salvia Palth,"['sign crushes motorist', 'birth day', 'Take Care', 'dandelion hands', 'Hold']"
,,,Anni B Sweet,"['Lori Meyers', 'La Bien Querida', 'Zahara', 'Izal', 'Russian Red']"
,,,Jordan Rakei,"['Tom Misch', 'Oscar Jerome', 'Aaron Taylor', 'Charlotte Day Wilson', 'Moonchild']"
,,,Sports,"['Tokyo Tea Room', 'No Vacation', 'Beach Vacation', 'RICEWINE', 'Vansire']"
,,,This Is the Kit,"['Rozi Plain', 'Jesca Hoop', 'Laura Marling', 'The Staves', 'Tiny Ruins']"
,,,Kryss,"['New Limit', 'Sensity World', 'DJ Sylvan', 'Piropo', 'Jerry Daley']"
,,,Current Joys,"['Surf Curse', 'Dream, Ivory', 'Strawberry Guy', 'VACATIONS', 'Salvia Palth']"
,,,Rosendo,"['Platero y tú', 'Barricada', 'La Fuga', 'Los Suaves', 'Leño']"
,,,Andrés Suárez,"['Marwan', 'Luis Ramiro', 'Fran Fernández', 'Diego Ojeda', 'Marwán']"
,,,Lescop,"['malik djoudi', 'Mathieu Boogaerts', 'RADIO ELVIS', 'Bertrand Belin', 'Flavien Berger']"
,,,SILVIO RODRÍGUEZ,[]
,,,Ivan Ferreiro,[]
,,,The xx,"['Oliver Sim', 'alt-J', 'Foals', 'Phoenix', 'Of Monsters and Men']"
,,,Mr. Kilombo,"['Pedro Pastor', 'TéCanela', 'El Niño de La Hipoteca', 'Antílopez', 'Sebastián Cortés']"
,,,Carlos Sadness,"['Love of Lesbian', 'Caloncho', 'Izal', 'Vetusta Morla', 'Supersubmarina']"
,,,Plums,[]
,,,The Barr Brothers,"['Horse Feathers', 'Great Lake Swimmers', 'Leif Vollebekk', 'Blind Pilot', 'Beta Radio']"
,,,Riki López,"['Daniel Higiénico', 'Javier Krahe', 'Los Petersellers', 'No Me Pises Que Llevo Chanclas', 'Los Gandules']"
,,,Mundo Chillon,"['Antílopez', 'El Niño de La Hipoteca', 'TéCanela', 'Dani Tejedor', 'Pedro Pastor']"
,,,Zenet,"['LA CANALLA', 'Juan Perro', 'Marlango', 'La Negra', 'Joan Chamorro']"
,,,Los Choclok,"['Panteón Rococó', 'Inspector', 'El Gran Silencio', 'La Mosca Tsé-Tsé', 'Los Estrambóticos']"
,,,Xoel López,"['Iván Ferreiro', 'Vetusta Morla', 'Sidonie', 'La Habitación Roja', 'Lori Meyers']"
,,,Ana Belén,"['Pedro Guerra', 'Luz Casal', 'Joan Manuel Serrat', 'Amaral', 'Rozalén']"
,,,Tall Heights,"['Henry Jamison', 'Darlingside', 'Old Sea Brigade', 'Beta Radio', 'Roo Panes']"
,,,Lamp,"['Minuano', 'Kaede', 'mamerico', 'Mei Ehara', 'pomodorosa']"
,,,Sam Wills,"['Christian Kuria', 'FIKA', 'Mac Ayres', 'Aaron Taylor', 'edbl']"
,,,Vetusta Morla,"['Izal', 'Supersubmarina', 'Viva Suecia', 'Love of Lesbian', 'Lori Meyers']"
,,,The Front Bottoms,"['MCCAFFERTY', 'Modern Baseball', 'Mom Jeans.', 'Sorority Noise', 'Slaughter Beach, Dog']"
,,,Fm Laeti,"['Mariama', ""Y'akoto"", 'Joe Bel', 'Awa Ly', 'Charles Pasi']"
,,,Jesper Ryom,"['Saison', 'Fort Romeau', 'Kaasi', 'Laurence Guy', 'Aleksandır']"
,,,Stu Larsen,"['Roo Panes', 'Old Sea Brigade', 'Dustin Tebbutt', 'Sons of the East', 'Harrison Storm']"
,,,Devendra Banhart,"['Vetiver', 'Kevin Morby', 'M. Ward', 'Timber Timbre', 'Akron/Family']"
,,,FKJ,"['FKJ, ((( O )))', 'Leisure', 'Franc Moody', 'Alina Baraz & Galimatias', 'Neil Frances']"
,,,Orquesta Sinfónica De La Región De Murcia,[]
,,,Cage the Elephant,"['Young the Giant', 'The Strokes', 'Cold War Kids', 'Arctic Monkeys', 'Portugal. The Man']"
,,,Alfa Mist,"['Yussef Dayes', '44th Move', 'Yussef Kamaal', 'Ashley Henry', 'Mansur Brown']"
,,,Chris Staples,"['Michael Nau', 'Jesse Woods', 'Jon and Roy', 'Fruit Bats', 'Damien Jurado']"
,,,Marwán,"['Andrés Suárez', 'Diego Ojeda', 'Fredi Leis', 'marazu', 'Marwan']"
,,,Grouplove,"['Atlas Genius', 'Young the Giant', 'Cold War Kids', 'Hippo Campus', 'Foster the People']"
,,,Wolf Alice,"['The Last Dinner Party', 'Wet Leg', 'Black Honey', 'The Big Moon', 'Sunflower Bean']"
,,,Cecilia,"['Mari Trini', 'Massiel', 'Myriam Hernández', 'Mecano', 'Ella Baila Sola']"
,,,Javier Ruibal,"['Diego Carrasco', 'Jorge Pardo', 'Son De La Frontera', 'José Mercé', 'Duquende']"
,,,Niños Mutantes,"['Sidonie', 'Lori Meyers', 'La Habitación Roja', 'León Benavente', 'Vetusta Morla']"
,,,Viceversa,"['Lizards Have Personalities', 'Caitlyn Bailey', 'Orion Pax', 'lobonabeat!', 'EK']"
,,,ODESZA,"['Kasbo', 'Slow Magic', 'Lane 8', 'Tourist', 'Ford.']"
,,,Kriss,"['Kriss Cologne', 'Burger', 'Spieltrieb', 'Strom & Wasser', 'Unkraut Liedermacher']"
,,,Sean Rowe,"['Sons of the East', 'Foy Vance', 'The White Buffalo', 'Avi Kaplan', 'Nathaniel Rateliff']"
,,,Estopa,"['Melendi', 'El Canto del Loco', 'Extremoduro', 'Pereza', 'Amaral']"
,,,No Vacation,"['RICEWINE', 'Vansire', 'Beach Vacation', 'Tokyo Tea Room', 'mellow fellow']"
,,,Radical Face,"['Electric President', 'Sea Wolf', 'Roo Panes', 'The Paper Kites', 'Old Sea Brigade']"
,,,Jasmine Thompson,"['Madilyn Bailey', 'James TW', 'Sofia Karlberg', 'Kina Grannis', 'Kurt Hugo Schneider']"
,,,Jackson Browne,"['James Taylor', 'John Hiatt', 'Van Morrison', 'Don Henley', 'Eagles']"
,,,Beta Radio,"['Austin Basham', 'Old Sea Brigade', 'Hayden Calnin', 'Woodlock', 'Ocie Elliott']"
,,,Caloncho,"['Little Jesus', 'Camilo Séptimo', 'León Larregui', 'Daniel, Me Estás Matando', 'Jósean Log']"
,,,High Density,"['Nacho Division', 'Aldus Haza', 'K.R.B.', 'PG2', 'Vatios']"
,,,Julia Minkin,"['Roosevelt', 'Délicieuse Musique', 'Solomun', 'Vicky Sometani', 'New Constellations']"
,,,Cats on Trees,"['Cocoon', 'Calogero', 'Julien Doré', 'Lilly Wood & The Prick', 'Jain']"
,,,Arctic Monkeys,"['The Last Shadow Puppets', 'Alex Turner', 'Miles Kane and the Death Ramps', 'Miles Kane', 'The Strokes']"
,,,Funambulista,"['David Otero', 'Ragdog', 'Comandante Twin', 'El Pescao', 'Rubén Pozo']"
,,,The Lumineers,"['Caamp', 'The Head and the Heart', 'Vance Joy', 'Mt. Joy', 'Mumford & Sons']"
,,,Mon Laferte,"['Natalia Lafourcade', 'Julieta Venegas', 'Gloria Trevi', 'Jesse & Joy', 'Bruses']"
,,,Biznaga,"['Yawners', 'La Plata', 'Karavana', 'Ortopedia Técnica', 'Aiko el grupo']"
,,,Sufjan Stevens,"['Angelo De Augustine', 'Bon Iver', 'Joanna Newsom', 'Fleet Foxes', 'Perfume Genius']"
,,,Phony Ppl,"['Topaz Jones', 'bLAck pARty', 'Leven Kali', 'Anderson .Paak', 'The Internet']"
,,,Fitz and the Tantrums,"['American Authors', 'Saint Motel', 'lovelytheband', 'Walk the Moon', 'AJR']"
,,,Jon and Roy,"['Ocie Elliott', 'Dekker', 'The National Forest', 'Frazey Ford', 'Nick Mulvey']"
,,,Iggy Pop,"['The Stooges', 'Iggy Pop & James Williamson', 'Lou Reed', 'David Bowie', 'Patti Smith']"
,,,Beach House,"['Alvvays', 'Slowdive', ""Melody's Echo Chamber"", 'Mazzy Star', 'Wild Nothing']"
,,,Darianna Everett,[]
,,,Leonard Cohen,"['Bob Dylan', 'Tom Waits', 'Nick Cave & the Bad Seeds', 'Joan Baez', 'Tim Buckley']"
,,,Peter Polycarpou,"['Original London Cast', 'Roger Allam', 'Gavin Creel', 'Brent Carver', 'Les Misérables: International Cast']"
,,,The Dø,"['Agar Agar', 'Moriarty', 'Cocoon', 'Jeanne Added', 'Lilly Wood & The Prick']"
,,,McEnroe,"['Nacho Vegas', 'León Benavente', 'The New Raemon & McEnroe', 'Sr. Chinarro', 'La Habitación Roja']"
,,,Monsieur Periné,"['Andrés Cepeda', 'Esteman', 'Bomba Estéreo', 'Aterciopelados', 'Juan Pablo Vega']"
,,,The Style Council,"['The Jam', 'Paul Weller', 'Aztec Camera', 'The Blow Monkeys', 'Prefab Sprout']"
,,,Joaquín Sabina,"['Joan Manuel Serrat', 'Luis Eduardo Aute', 'Ismael Serrano', 'Miguel Ríos', 'Café Quijano']"
,,,Ángel Stanich,"['Josele Santiago', 'Angel Stanich', 'Nacho Vegas', 'Vera Fauna', 'Venturi']"
,,,Lord Huron,"['Gregory Alan Isakov', 'The Lumineers', 'The Head and the Heart', 'Caamp', 'The Oh Hellos']"
,,,Manolo Tena,"['Cabaret Pop', 'Enrique Urquijo y Los Problemas', 'Miranda Warning', 'Los Sencillos', 'Nacho Garcia Vega']"
,,,Banda Joaquin Sabina,"['Jaime Asúa', 'Antonio García de Diego', 'Mara Barros', 'Pancho Varona', 'Víctor Manuel']"
,,,l'officina della camomilla,"['Canova', 'Calcutta', 'Prozac+', 'Gomma', 'I Cani']"
,,,Depeche Mode,"['Dave Gahan', 'Martin L. Gore', 'Recoil', 'Camouflage', 'New Order']"
,,,Mina,"['Ornella Vanoni', 'Patty Pravo', 'MinaCelentano', 'Anna Oxa', 'Mia Martini']"
,,,Pedro Guerra,"['Alejandro Filio', 'Luis Eduardo Aute', 'Silvio Rodríguez', 'Ana Belén', 'Pablo Milanés']"
,,,Bedroom,"['Acid Ghost', 'Castlebeat', 'Dream, Ivory', 'SALES', 'Yot Club']"
,,,Sourya,"['Oslo Swan', 'Roken Is Dodelijk', 'Botibol', 'Karaocake', 'Calc']"
,,,Dotan,"['Nielson', 'Kensington', 'Meau', 'Racoon', 'Suzan & Freek']"
,,,Neuman,"['Grises', 'Jero Romero', 'Egon Soda', 'Perro', 'Tuya']"
,,,Evenings,"['Thrupence', 'Blackbird Blackbird', 'Shlohmo', 'Sun Glitters', 'XXYYXX']"
,,,Santi Balmes,"['Carmen 113', 'ELYELLA', 'Comandante Twin', 'Renaldo & Clara', 'Joan Dausà']"
,,,Phillip Phillips,"['Vance Joy', 'Train', 'Myles Smith', 'OneRepublic', 'George Ezra']"
,,,Mara Barros,"['Jaime Asúa', 'Antonio García de Diego', 'Banda Joaquin Sabina', 'Pancho Varona', 'Rojas']"
,,,LIZ,"['That Kid', 'Namasenda', 'Hannah Diamond', 'Kim Petras', 'Slayyyter']"
,,,Zyra,"['Johnny Stanec', 'thisisNAMASTE', 'Laura newman', 'Noetic Nega', 'Tiziano Albanese']"
,,,Woodlock,"['Hayden Calnin', 'Riley Pearce', 'Harrison Storm', 'Hazlett', 'Sons of the East']"
,,,Izal,"['Viva Suecia', 'Vetusta Morla', 'Arde Bogotá', 'Supersubmarina', 'Lori Meyers']"
,,,BØRNS,"['Zella Day', 'Empire of the Sun', 'Troye Sivan', 'Stephen Sanchez', 'Lewis Del Mar']"
,,,Coez,"['Frah Quintale', 'Franco126', 'Luchè', 'Marracash', 'Nayt']"
,,,Sidecars,"['Leiva', 'Dani Martín', 'Despistaos', 'Pereza', 'Shinova']"
,,,John Mayer,"['John Mayer Trio', 'Jack Johnson', 'Jason Mraz', 'Amos Lee', 'Dave Matthews Band']"
,,,Víctor Manuel,"['Javier Krahe', 'Serrat & Sabina', 'Alberto Pérez', 'Patxi Andión', 'Carlos Cano']"
,,,Sílvia Pérez Cruz,"['Buika', 'Estrella Morente', 'Soleá Morente', 'Ana Belén', 'María José Llergo']"
,,,King Krule,"['Cosmo Pyke', 'jerkcurb', 'Dean Blunt', 'Chanel Beads', 'The Crying Nudes']"
,,,Sophie,"['Arca', 'GFOTY', 'QT', 'A. G. Cook', 'Charli xcx']"
,,,Water Liars,"['Justin Peter Kinkel-Schuster', 'Kelly McFarling', 'Field Report', 'Kingsley Flood', 'Peter Oren']"
,,,León Benavente,"['Viva Suecia', 'Sidonie', 'Lori Meyers', 'McEnroe', 'Love of Lesbian']"
,,,Viva Suecia,"['Arde Bogotá', 'Izal', 'Lori Meyers', 'Supersubmarina', 'Miss Caffeina']"
,,,Fellini Félin,"['Tample', 'Kazy Lambist', 'Jimmy Whoo', 'Her', 'Kid Francescoli']"
,,,Pedro Pastor,"['Mr. Kilombo', 'El Niño de La Hipoteca', 'El Jose', 'Antílopez', 'Road Ramos']"
,,,The Kooks,"['The Wombats', 'Kaiser Chiefs', 'The Vaccines', 'Razorlight', 'The Pigeon Detectives']"
,,,Tame Impala,"['Pond', ""Melody's Echo Chamber"", 'GUM', 'Temples', 'The Holydrug Couple']"
,,,Still Corners,"['New Constellations', 'Widowspeak', 'Blouse', 'Jonathan Bree', 'Porcelain Raft']"
,,,Antonio García de Diego,"['Jaime Asúa', 'Banda Joaquin Sabina', 'Mara Barros', 'Pancho Varona', 'Víctor Manuel']"
,,,Rozalén,"['Amaral', 'Conchita', 'Valeria Castro', 'Vanesa Martín', 'Ana Belén']"
,,,Alvvays,"['Japanese Breakfast', 'Beach House', 'Slow Pulp', 'Fazerdaze', 'Snail Mail']"
,,,Darius,"['The Queenstons', 'RQ', 'Emoticon', 'Aurastys', 'Rotteen']"
,,,Jesse Marchant,"['Blanco White', 'Charlie Cunningham', 'Old Sea Brigade', 'Nick Mulvey', 'The Slow Show']"
,,,Foals,"['The Maccabees', 'White Lies', 'Bombay Bicycle Club', 'Kasabian', 'Editors']"
,,,Juan Pardo,"['Andrés Do Barro', 'Dúo Dinámico', 'El Consorcio', 'José Guardiola', 'Los Mitos']"
,,,Aaron Espe,"['Axel Flóvent', 'Old Sea Brigade', 'Ocie Elliott', 'Beta Radio', 'Stu Larsen']"
,,,Teen Suicide,"['American Pleasure Club', 'Julia Brown', 'starry cat', 'Elvis Depressedly', 'pill friends']"
,,,Luis Eduardo Aute,"['Alejandro Filio', 'Joan Manuel Serrat', 'Joaquín Sabina', 'Pablo Milanés', 'Pedro Guerra']"
,,,Aisha Badru,"['Rosie Carney', 'Beta Radio', 'Old Sea Brigade', 'Harrison Storm', 'William Fitzsimmons']"
,,,Racing Glaciers,"['The Boxer Rebellion', 'Andrew Belle', 'Half Moon Run', ""Bear's Den"", 'There Will Be Fireworks']"
,,,Little May,"['Dustin Tebbutt', 'The Jezabels', 'Other Lives', 'Charlie Cunningham', 'George Ogilvie']"
,,,Dreamgirl,"['Lunar Vacation', 'Banes World', 'mellow fellow', 'No Vacation', 'Hot Flash Heat Wave']"
,,,Sons of the East,"['Ocie Elliott', 'Hollow Coves', 'Salt Tree', ""Bear's Den"", 'Harrison Storm']"
,,,Javier Krahe,"['Alberto Pérez', 'Serrat & Sabina', 'Carlos Chaouen', 'Javier Álvarez', 'Carlos Arellano']"
,,,Diego Ojeda,"['Andrés Suárez', 'Marwán', 'Marwan', 'Luis Ramiro', 'Fran Fernández']"
,,,Us The Duo,"['The Mayries', 'Parachute', 'Megan Davies', 'Oh Honey', 'Phillip Phillips']"
,,,TV Girl,"['Jordana', 'Current Joys', 'Roar', 'Mac DeMarco', 'Alex G']"
,,,Noah Gundersen,"['Donovan Woods', 'David Ramirez', 'Joshua James', 'William Fitzsimmons', 'Foy Vance']"
,,,Korpus,"['Super Box', 'Azzaron', 'Grzegorz Kupczyk', 'Open Fire', 'Lord Vader']"
,,,Cavetown,"['chloe moriondo', 'Addison Grace', 'Ricky Montgomery', 'mxmtoon', 'carpetgarden']"
,,,Toro y Moi,"['Les Sins', 'Neon Indian', 'Washed Out', 'Unknown Mortal Orchestra', 'Small Black']"
,,,Hiatus Kaiyote,"['Nai Palm', 'Joomanji', 'Moonchild', 'DOMi & JD Beck', 'Jordan Rakei']"
,,,Micah P. Hinson,"['Damien Jurado', 'The Deep Dark Woods', 'A.A. Bondy', 'Herman Düne', 'Elvis Perkins']"
,,,TOPS,"['Marci', 'Yumi Zouma', 'Tennis', 'Jane Penny', 'Mr Twin Sister']"
,,,Supersubmarina,"['Lori Meyers', 'Viva Suecia', 'Izal', 'Sidonie', 'Arde Bogotá']"
,,,Ezra Vine,"['Stu Larsen', 'Milo Greene', 'Keaton Henson', 'The Strumbellas', 'Mighty Oaks']"
,,,Rayden,"['El Chojin', 'beret', 'Natos y Waor', 'Art of Fighters', 'Re-Style']"
,,,Amancio Prada,"['Joaquín Díaz', 'Uxía', 'Chicho Sánchez Ferlosio', 'Faltriqueira', 'Berrogüetto']"
,,,Adrianne Lenker,"['Big Thief', 'Phoebe Bridgers', 'Lomelda', 'Haley Heynderickx', 'Buck Meek']"
,,,Luis Brea,"['Angel Stanich', 'Rusos Blancos', 'Mucho', 'Egon Soda', 'Ricardo Vicente']"
,,,Van Morrison,"['Jackson Browne', 'Them', 'The Band', 'John Hiatt', 'Paul Simon']"
,,,Carlos Chaouen,"['Rafa Pons', 'Tontxu', 'Serrat & Sabina', 'José Antonio Delgado', 'Javier Álvarez']"
,,,Madelyn Grant,"['Brother Zulu', 'Phoebe Katis', 'Swatkins', 'Her Songs', 'Greg Cox']"
,,,Joan Manuel Serrat,"['Luis Eduardo Aute', 'Pablo Milanés', 'Alberto Cortez', 'Joaquín Sabina', 'Silvio Rodríguez']"
,,,Vance Joy,"['The Lumineers', 'The Head and the Heart', 'Hollow Coves', 'George Ezra', 'Sons of the East']"
,,,Papooz,"['Miel De Montagne', 'Isaac Delusion', 'Lewis OfMan', 'Pépite', 'Flavien Berger']"
,,,La Habitación Roja,"['Lori Meyers', 'Viva Suecia', 'Love of Lesbian', 'Sidonie', 'Niños Mutantes']"
,,,Fredi Leis,"['Andrés Suárez', 'Marwán', 'Mr. Kilombo', 'Antílopez', 'Marwan']"
,,,Midiland,"['EI8HT a\xa0Offset', 'René de Wael', 'Mark Sandell & Neil Watson', 'Mighty Monster', 'Masego a\xa0Don Toliver']"
,,,Kike Boy,"['B.P.M. System', 'Sensity World', 'Piropo', 'New Limit', 'ACTV']"
,,,alt-J,"['Foals', 'Bombay Bicycle Club', 'Django Django', 'Broken Bells', 'Chelou']"
,,,Pajaro Sunrise,[]
,,,Ismael Serrano,"['Joaquín Sabina', 'Luis Eduardo Aute', 'Alejandro Filio', 'Pedro Guerra', 'Joan Manuel Serrat']"
,,,Bear's Den,"['Matthew and the Atlas', 'Sons of the East', 'Blanco White', 'Benjamin Francis Leftwich', 'Harrison Storm']"
,,,Omega,"['Ken Hensley', 'Uriah Heep', 'Czesław Niemen', ""Manfred Mann's Earth Band"", 'SBB']"
,,,Lou Doillon,"['Charlotte Gainsbourg', 'Cocoon', 'Jane Birkin', 'Lilly Wood & The Prick', 'Moriarty']"
,,,Veintiuno,"['Siloé', 'Miss Caffeina', 'Sidonie', 'Lori Meyers', 'CHICA SOBRESALTO']"
,,,Tess,"['Adept', 'A Static Lullaby', 'Eyes Set to Kill', 'Envy', 'Funeral For A Friend']"
,,,L'Impératrice,"['Bleu Toucan', 'Miel De Montagne', 'Lewis OfMan', 'Cléa Vincent', 'The Parcels']"
,,,LC Elo,[]
,,,The Walters,"['Wabie', 'Summer Salt', 'VACATIONS', 'mellow fellow', 'Matt Maltese']"
,,,McFly,"['McBusted', 'Busted', 'Jonas Brothers', 'Scouting for Girls', 'The Vamps']"
,,,Vundabar,"['The Frights', 'Sir Chloe', 'The Buttertones', 'Surf Curse', 'Beach Goons']"
,,,El miedo,[]
,,,Dustin Tebbutt,"['Harrison Storm', 'Hollow Coves', 'Old Sea Brigade', 'Benjamin Francis Leftwich', 'Ocie Elliott']"
,,,Quique González,"['Iván Ferreiro', 'Elefantes', 'Leiva', 'Ismael Serrano', 'Nacho Vegas']"
,,,Serrat,[]
,,,Antonio Flores,"['La Guardia', 'Los Secretos', 'Loquillo', 'Seguridad Social', 'Los Ronaldos']"
,,,RÜFÜS DU SOL,"['Elderbrook', 'Lane 8', 'Jan Blomqvist', 'Sultan + Shepard', 'Ben Böhmer']"
,,,B.P.M. System,"['Lady Gee', 'Kike Boy', 'Kryss', 'New Limit', 'Interfront']"
,,,Paradis,"['Bleu Toucan', 'Lewis OfMan', ""L'Impératrice"", 'Vendredi sur Mer', 'Polo & Pan']"
,,,Biagio Antonacci,"['Jovanotti', ""Gigi D'Alessio"", 'Tiromancino', 'Negramaro', 'Vasco Rossi']"
,,,Carmen Boza,"['Road Ramos', 'Andrés Suárez', 'Patricia Lázaro', 'amatria', 'Mucho']"
,,,2001:Canarias,[]
,,,The Head and the Heart,"['The Lumineers', 'Caamp', 'Blind Pilot', 'Mt. Joy', 'The Avett Brothers']"
,,,Ben l'Oncle Soul,"['Kimberose', 'Ayo', 'Selah Sue', 'Otis Kane', 'Charles Pasi']"
,,,Damien Rice,"['Glen Hansard', 'Lisa Hannigan', 'Ray LaMontagne', 'The Swell Season', 'Glen Hansard & Markéta Irglová']"
,,,FAUVE,"['Ben Mazué', 'Therapie TAXI', 'Saez', 'Orelsan', 'Louise Attaque']"
,,,Antonio Vega,"['Los Secretos', 'Nacha Pop', 'Antonio Flores', 'Iván Ferreiro', 'Pedro Guerra']"
,,,Kamembert,"['Brighton 64', 'kamenbert', 'Los Negativos', 'Los Elegantes', 'Kristallin & Michele Bernard']"
,,,Husbands,"['Beach Vacation', 'French Cassettes', 'sjowgren', 'Hibou', 'Stray Fossa']"
,,,Aaron,"['Yodelice', 'Cocoon', 'Lilly Wood & The Prick', 'Cascadeur', 'Cats on Trees']"
,,,Foster the People,"['Two Door Cinema Club', 'Grouplove', 'Saint Motel', 'Sir Sly', 'Capital Cities']"
,,,Surf Curse,"['Current Joys', 'Beach Goons', 'The Frights', 'Vundabar', 'Mind’s Eye']"
,,,Jaime Asúa,"['Antonio García de Diego', 'Banda Joaquin Sabina', 'Mara Barros', 'Pancho Varona', 'Víctor Manuel']"
,,,Clea Vincent,[]
,,,Blow,"['Tender', 'Elephanz', 'Kid Francescoli', 'Cannons', 'Haevn']"
,,,Phoenix,"['Two Door Cinema Club', 'Vampire Weekend', 'Passion Pit', 'Foster the People', 'Ra Ra Riot']"
,,,Dinero,"['Mucho', 'Havalina', 'Correos', 'The Right Ons', 'Nothink']"
,,,Frazey Ford,"['The Be Good Tanyas', 'Jon and Roy', 'Anna Ash', 'Alela Diane', 'This Is the Kit']"
,,,You'll Never Get to Heaven,"['Forma Norte', 'argo nuff', ""Alison's Halo"", 'An April March', ""Isabel's Dream""]"
,,,Keziah Jones,"['Ben Harper', 'Lee Fields  The Expressions', 'Roseaux', 'Ayo', 'Sinclair']"
,,,Jerry Daley,"['Sensity World', 'New Limit', 'Piropo', 'Kryss', 'ACTV']"
,,,Kid Francescoli,"['French 79', 'Isaac Delusion', 'Thylacine', 'Kazy Lambist', 'Jabberwocky']"
,,,Tom Rosenthal,"['Winter Aid', 'Patrick Watson', 'Novo Amor', 'Tom Odell', 'Roo Panes']"
,,,Tom Misch,"['Tom Misch & Yussef Dayes', 'Jordan Rakei', 'Loyle Carner', 'Oscar Jerome', 'Barney Artist']"
,,,Memphis Bleek,"['Freeway', 'Beanie Sigel', 'Jadakiss', ""Cam'ron"", 'Juelz Santana']"
,,,Mazzy Star,"['Hope Sandoval & The Warm Inventions', 'The Sundays', 'Mojave 3', 'Cocteau Twins', 'Pale Saints']"
,,,Freeway,"['Memphis Bleek', 'Beanie Sigel', ""Cam'ron"", 'Jadakiss', 'Juelz Santana']"
,,,Gregory Alan Isakov,"['Caamp', 'John Vincent III', 'The Paper Kites', 'Lord Huron', 'Ocie Elliott']"
,,,The Neighbourhood,"['Jesse®', 'Beach Weather', 'Arctic Monkeys', 'sombr', 'Jaymes Young']"
,,,La Femme,"['Juniore', 'Grand Blanc', 'Flavien Berger', 'Requin Chagrin', 'The Limiñanas']"
,,,Vicentico,"['Los Auténticos Decadentes', 'Los Fabulosos Cadillacs', 'Andrés Calamaro', 'Los Rodríguez', 'Los Tipitos']"
,,,Frank Ocean,"['Daniel Caesar', 'Steve Lacy', 'Brent Faiyaz', 'Sonder', 'Tyler, The Creator']"
2 In A Room,49ers,1.0,,
2 In A Room,Black Box,2.0,,
2 In A Room,Technotronic,3.0,,
2 In A Room,Adamski,4.0,,
2 In A Room,Snap!,5.0,,
B.P.M. System,Lady Gee,1.0,,
B.P.M. System,Kike Boy,2.0,,
B.P.M. System,Kryss,3.0,,
B.P.M. System,New Limit,4.0,,
B.P.M. System,Interfront,5.0,,
Brian Cross,DJ Nano,1.0,,
Brian Cross,Dani Moreno,2.0,,
Brian Cross,Jose AM,3.0,,
Brian Cross,Wally Lopez,4.0,,
Brian Cross,Geo Da Silva & Saftik,5.0,,
Crossfire,Atomkraft,1.0,,
Crossfire,Abattoir,2.0,,
Crossfire,Iron Angel,3.0,,
Crossfire,Agent Steel,4.0,,
Crossfire,Ostrogoth,5.0,,
Don Latino,Croni-K,1.0,,
Don Latino,Fraag Malas,2.0,,
Don Latino,Yulien Oviedo,3.0,,
Don Latino,Jay Santos,4.0,,
Don Latino,Gocho,5.0,,
Fiesta pop,The Refrescos,1.0,,
Fiesta pop,Los Inhumanos,2.0,,
Fiesta pop,Alarma,3.0,,
Fiesta pop,Los Rebeldes,4.0,,
Fiesta pop,David Otero,5.0,,
Freeway,Memphis Bleek,1.0,,
Freeway,Beanie Sigel,2.0,,
Freeway,Cam'ron,3.0,,
Freeway,Jadakiss,4.0,,
Freeway,Juelz Santana,5.0,,
Generis,New Limit,1.0,,
Generis,Aldus Haza,2.0,,
Generis,Committe,3.0,,
Generis,Kike Boy,4.0,,
Generis,Emotional G,5.0,,
Hanson,Aaron Carter,1.0,,
Hanson,Backstreet Boys,2.0,,
Hanson,O-Town,3.0,,
Hanson,Nick Carter,4.0,,
Hanson,98 Degrees,5.0,,
High Density,Nacho Division,1.0,,
High Density,Aldus Haza,2.0,,
High Density,K.R.B.,3.0,,
High Density,PG2,4.0,,
High Density,Vatios,5.0,,
Iggy Pop,The Stooges,1.0,,
Iggy Pop,Iggy Pop & James Williamson,2.0,,
Iggy Pop,Lou Reed,3.0,,
Iggy Pop,David Bowie,4.0,,
Iggy Pop,Patti Smith,5.0,,
Jerry Daley,Sensity World,1.0,,
Jerry Daley,New Limit,2.0,,
Jerry Daley,Piropo,3.0,,
Jerry Daley,Kryss,4.0,,
Jerry Daley,ACTV,5.0,,
Just Blaze,Ski Beatz,1.0,,
Just Blaze,Khrysis,2.0,,
Just Blaze,Nottz,3.0,,
Just Blaze,Kidz in the Hall,4.0,,
Just Blaze,Johnson&Jonson,5.0,,
Kamembert,Brighton 64,1.0,,
Kamembert,kamenbert,2.0,,
Kamembert,Los Negativos,3.0,,
Kamembert,Los Elegantes,4.0,,
Kamembert,Kristallin & Michele Bernard,5.0,,
Kike Boy,B.P.M. System,1.0,,
Kike Boy,Sensity World,2.0,,
Kike Boy,Piropo,3.0,,
Kike Boy,New Limit,4.0,,
Kike Boy,ACTV,5.0,,
Korpus,Super Box,1.0,,
Korpus,Azzaron,2.0,,
Korpus,Grzegorz Kupczyk,3.0,,
Korpus,Open Fire,4.0,,
Korpus,Lord Vader,5.0,,
Kriss,Kriss Cologne,1.0,,
Kriss,Burger,2.0,,
Kriss,Spieltrieb,3.0,,
Kriss,Strom & Wasser,4.0,,
Kriss,Unkraut Liedermacher,5.0,,
Kryss,New Limit,1.0,,
Kryss,Sensity World,2.0,,
Kryss,DJ Sylvan,3.0,,
Kryss,Piropo,4.0,,
Kryss,Jerry Daley,5.0,,
Los Flechazos,Cooper,1.0,,
Los Flechazos,Brighton 64,2.0,,
Los Flechazos,la granja,3.0,,
Los Flechazos,La Costa Brava,4.0,,
Los Flechazos,Surfin' Bichos,5.0,,
McFly,McBusted,1.0,,
McFly,Busted,2.0,,
McFly,Jonas Brothers,3.0,,
McFly,Scouting for Girls,4.0,,
McFly,The Vamps,5.0,,
Megabass,Two Little Boys,1.0,,
Megabass,Nacho Division,2.0,,
Megabass,High Density,3.0,,
Megabass,Smart E's,4.0,,
Megabass,The Hypnotist,5.0,,
Memphis Bleek,Freeway,1.0,,
Memphis Bleek,Beanie Sigel,2.0,,
Memphis Bleek,Jadakiss,3.0,,
Memphis Bleek,Cam'ron,4.0,,
Memphis Bleek,Juelz Santana,5.0,,
Midiland,EI8HT a Offset,1.0,,
Midiland,René de Wael,2.0,,
Midiland,Mark Sandell & Neil Watson,3.0,,
Midiland,Mighty Monster,4.0,,
Midiland,Masego a Don Toliver,5.0,,
Omega,Ken Hensley,1.0,,
Omega,Uriah Heep,2.0,,
Omega,Czesław Niemen,3.0,,
Omega,Manfred Mann's Earth Band,4.0,,
Omega,SBB,5.0,,
Peter Polycarpou,Original London Cast,1.0,,
Peter Polycarpou,Roger Allam,2.0,,
Peter Polycarpou,Gavin Creel,3.0,,
Peter Polycarpou,Brent Carver,4.0,,
Peter Polycarpou,Les Misérables: International Cast,5.0,,
Squeeze,Elvis Costello & The Attractions,1.0,,
Squeeze,Elvis Costello,2.0,,
Squeeze,Joe Jackson,3.0,,
Squeeze,Marshall Crenshaw,4.0,,
Squeeze,Nick Lowe,5.0,,
Tess,Adept,1.0,,
Tess,A Static Lullaby,2.0,,
Tess,Eyes Set to Kill,3.0,,
Tess,Envy,4.0,,
Tess,Funeral For A Friend,5.0,,
The Nativos,Pistones,1.0,,
The Nativos,Glutamato Ye-Ye,2.0,,
The Nativos,La Dama Se Esconde,3.0,,
The Nativos,Rey Lui,4.0,,
The Nativos,La Coartada,5.0,,
The Style Council,The Jam,1.0,,
The Style Council,Paul Weller,2.0,,
The Style Council,Aztec Camera,3.0,,
The Style Council,The Blow Monkeys,4.0,,
The Style Council,Prefab Sprout,5.0,,
